{"train_runtime":2317.18,"eval/mean_token_accuracy":0.9866758057049343,"train/global_step":100,"_step":20,"eval/loss":0.10357687622308731,"train/learning_rate":0.0002,"eval/runtime":106.2729,"train/mean_token_accuracy":0.9866345977783203,"eval/samples_per_second":2.635,"train/grad_norm":0.13655418157577515,"train_steps_per_second":0.043,"_wandb":{"runtime":2333},"train/loss":1.0478,"train/num_tokens":962000,"eval/steps_per_second":2.635,"train_samples_per_second":0.863,"total_flos":1.9886278803456e+16,"eval/num_tokens":962000,"_runtime":2333,"train_loss":8.122782506942748,"train/epoch":1,"_timestamp":1.7541004675664256e+09}