{"eval/loss":0.09976167231798172,"eval/samples_per_second":3.435,"train/epoch":1,"train_samples_per_second":0.738,"train/num_tokens":674000,"train/grad_norm":0.11013923585414886,"train/global_step":100,"eval/runtime":168.8464,"total_flos":2.734579458048e+15,"train/learning_rate":0.0002,"train_loss":8.855297803878784,"train/mean_token_accuracy":0.986356720328331,"train_runtime":2708.1959,"train_steps_per_second":0.037,"eval/num_tokens":674000,"_timestamp":1.7538680283648865e+09,"_step":20,"train/loss":1.0083,"_wandb":{"runtime":2727},"_runtime":2727,"eval/mean_token_accuracy":0.9862699878626856,"eval/steps_per_second":3.435}