{"train/mean_token_accuracy":0.9869207441806793,"eval/mean_token_accuracy":0.9868376912741825,"eval/runtime":289.9875,"_step":20,"train/learning_rate":0.0002,"train/grad_norm":1.3793178796768188,"eval/samples_per_second":2,"train/epoch":1,"_timestamp":1.7538680899934702e+09,"eval/steps_per_second":2,"train/global_step":100,"eval/loss":0.10203488916158676,"train/loss":1.0411,"train_runtime":4137.0178,"train_steps_per_second":0.024,"_runtime":4144,"train_samples_per_second":0.483,"total_flos":6.768472203264e+15,"train/num_tokens":1.682e+06,"train_loss":9.029217824935913,"eval/num_tokens":1.682e+06,"_wandb":{"runtime":4144}}