{"_timestamp":1.7538666705510526e+09,"train_loss":9.004626035690308,"train/learning_rate":0.0002,"train_samples_per_second":0.736,"_wandb":{"runtime":2723},"_runtime":2723,"eval/steps_per_second":3.418,"eval/mean_token_accuracy":0.9862910139149633,"train/loss":1.0168,"train/global_step":100,"train/mean_token_accuracy":0.9864176958799362,"eval/num_tokens":722000,"total_flos":2.905372729344e+15,"train/num_tokens":722000,"train/epoch":1,"eval/runtime":169.7106,"eval/samples_per_second":3.418,"_step":20,"train/grad_norm":0.25555095076560974,"train_steps_per_second":0.037,"eval/loss":0.10002251714468002,"train_runtime":2717.6067}