{"train_samples_per_second":0.224,"_runtime":8924,"_timestamp":1.7538409227285957e+09,"total_flos":5.970799193088e+15,"train/loss":0.9721,"train_runtime":8916.4835,"train/learning_rate":0.0002,"train/mean_token_accuracy":0.9863109886646271,"eval/mean_token_accuracy":0.9863172964803104,"train/epoch":1,"train_steps_per_second":0.011,"train_loss":5.869242877960205,"eval/num_tokens":674000,"train/num_tokens":674000,"train/global_step":100,"eval/loss":0.0970391258597374,"eval/steps_per_second":1.437,"_step":20,"eval/runtime":403.5357,"_wandb":{"runtime":8924},"eval/samples_per_second":1.437,"train/grad_norm":0.05515594780445099}