{"_runtime":2808,"train/grad_norm":0.25601810216903687,"_timestamp":1.7538677140970309e+09,"train/num_tokens":674000,"train_steps_per_second":0.036,"total_flos":2.708490805248e+15,"train/epoch":1,"eval/num_tokens":674000,"eval/runtime":167.2134,"train/learning_rate":0.0002,"eval/mean_token_accuracy":0.9862910139149633,"_step":20,"eval/loss":0.09920269250869751,"eval/samples_per_second":3.469,"train_loss":8.816826524734497,"_wandb":{"runtime":2808},"train_runtime":2794.0423,"train_samples_per_second":0.716,"train/mean_token_accuracy":0.9862805008888245,"train/global_step":100,"train/loss":0.9993,"eval/steps_per_second":3.469}