{"eval/runtime":167.6084,"train/epoch":1,"eval/num_tokens":674000,"train_steps_per_second":0.037,"train/mean_token_accuracy":0.9863719642162323,"total_flos":2.712217755648e+15,"train/learning_rate":0.0002,"eval/steps_per_second":3.46,"eval/loss":0.09927000850439072,"train/num_tokens":674000,"_wandb":{"runtime":2723},"eval/samples_per_second":3.46,"train_samples_per_second":0.736,"train/grad_norm":0.08278349786996841,"_step":20,"train/loss":0.9979,"_timestamp":1.753866669370434e+09,"train_loss":8.763548059463501,"eval/mean_token_accuracy":0.9862910139149633,"train_runtime":2716.351,"_runtime":2723,"train/global_step":100}