{"train/learning_rate":0.0002,"train_steps_per_second":0.033,"train_loss":8.85593828201294,"train/num_tokens":674000,"train_samples_per_second":0.655,"eval/steps_per_second":3.446,"train_runtime":3051.1703,"train/mean_token_accuracy":0.986356720328331,"_timestamp":1.7543044631391854e+09,"eval/loss":0.09938140213489532,"total_flos":2.719671656448e+15,"eval/num_tokens":674000,"_runtime":3064,"_step":20,"eval/mean_token_accuracy":0.9862331922711998,"_wandb":{"runtime":3064},"train/grad_norm":0.10042090713977814,"train/global_step":100,"train/epoch":1,"eval/runtime":168.325,"eval/samples_per_second":3.446,"train/loss":1.0014}