{"eval/runtime":148.6287,"eval/num_tokens":674000,"train_runtime":2414.5799,"train_samples_per_second":0.828,"total_flos":1.3932798246912e+16,"train/grad_norm":0.37434300780296326,"train/learning_rate":0.0002,"train_steps_per_second":0.041,"train/mean_token_accuracy":0.9863719642162323,"eval/samples_per_second":3.902,"_timestamp":1.7538657452013972e+09,"eval/loss":0.10152021050453186,"train_loss":11.224011907577514,"_step":20,"_wandb":{"runtime":2434},"train/epoch":1,"_runtime":2434,"train/num_tokens":674000,"train/global_step":100,"train/loss":1.0436,"eval/mean_token_accuracy":0.9862910139149633,"eval/steps_per_second":3.902}