{"eval/steps_per_second":3.456,"train/learning_rate":0.0002,"_wandb":{"runtime":2717},"_timestamp":1.7538680264949663e+09,"_runtime":2717,"train/global_step":100,"eval/mean_token_accuracy":0.9862647313496162,"train/loss":1.0003,"train/grad_norm":0.11981260031461716,"eval/loss":0.09929976612329483,"eval/num_tokens":674000,"train/mean_token_accuracy":0.9862195253372192,"train/num_tokens":674000,"eval/samples_per_second":3.456,"_step":19,"train/epoch":1,"eval/runtime":167.8117}