{"train/grad_norm":0.18494214117527008,"eval/loss":0.08551252633333206,"train_loss":10.265978517532348,"train/global_step":100,"train/learning_rate":0.0002,"train/loss":0.874,"train_samples_per_second":0.6,"_runtime":3344,"train/num_tokens":674000,"train/epoch":1,"eval/runtime":194.3001,"eval/steps_per_second":2.985,"_step":20,"eval/mean_token_accuracy":0.9862857574018938,"_timestamp":1.7538350684089289e+09,"train_steps_per_second":0.03,"eval/num_tokens":674000,"train_runtime":3332.3676,"train/mean_token_accuracy":0.9863872081041336,"eval/samples_per_second":2.985,"total_flos":4.950967873536e+15,"_wandb":{"runtime":3344}}