{"_runtime":5566,"train/num_tokens":1.348e+06,"_timestamp":1.7538006702178824e+09,"eval/steps_per_second":3.458,"_step":40,"eval/runtime":167.7166,"train_runtime":5550.9499,"train_samples_per_second":0.721,"train/global_step":200,"train/learning_rate":0.0002,"train/grad_norm":0.09697940200567245,"total_flos":5.424435511296e+15,"train_steps_per_second":0.036,"train/epoch":2,"train/loss":0.9791,"eval/samples_per_second":3.458,"_wandb":{"runtime":5566},"eval/mean_token_accuracy":0.9862910139149633,"train_loss":4.8683727884292605,"eval/num_tokens":1.348e+06,"eval/loss":0.09768999367952347,"train/mean_token_accuracy":0.9862195253372192}