{"train/grad_norm":0.1266390085220337,"train_samples_per_second":0.704,"_timestamp":1.7540995809618244e+09,"train/epoch":1,"_runtime":2853,"_wandb":{"runtime":2853},"train/learning_rate":0.0002,"train/global_step":100,"train_runtime":2842.7888,"total_flos":3.871147597824e+15,"train/mean_token_accuracy":0.9866345977783203,"eval/runtime":120.4038,"_step":20,"eval/mean_token_accuracy":0.9866758057049343,"eval/steps_per_second":2.326,"eval/loss":0.1028609648346901,"train_steps_per_second":0.035,"eval/num_tokens":962000,"train_loss":6.637877883911133,"eval/samples_per_second":2.326,"train/num_tokens":962000,"train/loss":1.0356}