{"train/global_step":100,"eval/mean_token_accuracy":0.9862910139149633,"_wandb":{"runtime":3806},"train/loss":0.9835,"train_steps_per_second":0.026,"_timestamp":1.7540785004788525e+09,"train_loss":7.267786064147949,"eval/steps_per_second":2.701,"train/num_tokens":674000,"total_flos":1.32168188783616e+17,"_step":20,"eval/loss":0.09804827719926834,"eval/samples_per_second":2.701,"train/grad_norm":0.1863536387681961,"train/epoch":1,"train/mean_token_accuracy":0.9863872081041336,"train/learning_rate":0.0002,"train_runtime":3782.9006,"train_samples_per_second":0.529,"_runtime":3806,"eval/num_tokens":674000,"eval/runtime":214.6973}